	Row	Sample	Anon Student Id	Problem Hierarchy	Problem Name	Problem View	Step Name	Step Start Time	First Transaction Time	Correct Transaction Time	Step End Time	Step Duration (sec)	Correct Step Duration (sec)	Error Step Duration (sec)	First Attempt	Incorrects	Hints	Corrects	Condition	KC (Original)	Opportunity (Original)	Predicted Error Rate (Original)
0	84	All Data	Stu_2ebe6a7530ff11f2c0b9b807faf0a0a3	Unit Area	DESIGNING_A_QUILT	1	(AREA QUESTION1)	1996-02-01 00:18:59	1996-02-01 00:18:59	1996-02-01 00:18:59	1996-02-01 00:18:59	0	0	.	correct	0	0	1	.	ALT:TRIANGLE-AREA	4	0.0835
1	85	All Data	Stu_2ebe6a7530ff11f2c0b9b807faf0a0a3	Unit Area	DESIGNING_A_QUILT	1	(AREA QUESTION2)	1996-02-01 00:18:59	1996-02-01 00:19:23	1996-02-01 00:19:23	1996-02-01 00:19:23	24	24	.	correct	0	0	1	.	ALT:TRIANGLE-AREA	5	0.0804
2	86	All Data	Stu_2ebe6a7530ff11f2c0b9b807faf0a0a3	Unit Area	DESIGNING_A_QUILT	1	(AREA QUESTION3)	1996-02-01 00:19:23	1996-02-01 00:19:45	1996-02-01 00:19:45	1996-02-01 00:19:45	22	22	.	correct	0	0	1	.	ALT:TRIANGLE-AREA	6	0.0773
3	87	All Data	Stu_2ebe6a7530ff11f2c0b9b807faf0a0a3	Unit Area	DESIGNING_A_QUILT	1	(WHITE-AREA QUESTION1)	1996-02-01 00:19:45	1996-02-01 00:19:59	1996-02-01 00:19:59	1996-02-01 00:19:59	14	14	.	correct	0	0	1	.	ALT:COMPOSE-BY-MULTIPLICATION	2	0.1322
4	88	All Data	Stu_2ebe6a7530ff11f2c0b9b807faf0a0a3	Unit Area	DESIGNING_A_QUILT	1	(WHITE-AREA QUESTION2)	1996-02-01 00:21:38	1996-02-01 00:21:51	1996-02-01 00:21:51	1996-02-01 00:21:51	13	13	.	correct	0	0	1	.	ALT:COMPOSE-BY-MULTIPLICATION	4	0.1083
5	89	All Data	Stu_2ebe6a7530ff11f2c0b9b807faf0a0a3	Unit Area	DESIGNING_A_QUILT	1	(WHITE-AREA QUESTION3)	1996-02-01 00:22:12	1996-02-01 00:22:16	1996-02-01 00:22:16	1996-02-01 00:22:16	4	4	.	correct	0	0	1	.	ALT:COMPOSE-BY-MULTIPLICATION	6	0.0882
6	154	All Data	Stu_d172f184e6b8890fcdee6a7a3169e9c4	Unit Area	DESIGNING_A_QUILT	1	(AREA QUESTION1)	1996-02-01 00:00:50	1996-02-01 00:00:50	1996-02-01 00:00:50	1996-02-01 00:00:50	0	0	.	correct	0	0	1	.	ALT:TRIANGLE-AREA	1	0.1892
7	155	All Data	Stu_d172f184e6b8890fcdee6a7a3169e9c4	Unit Area	DESIGNING_A_QUILT	1	(AREA QUESTION2)	1996-02-01 00:01:24	1996-02-01 00:01:30	1996-02-01 00:01:31	1996-02-01 00:01:31	7	.	7	incorrect	1	0	1	.	ALT:TRIANGLE-AREA	2	0.1828
8	156	All Data	Stu_d172f184e6b8890fcdee6a7a3169e9c4	Unit Area	DESIGNING_A_QUILT	1	(AREA QUESTION3)	1996-02-01 00:01:56	1996-02-01 00:02:02	1996-02-01 00:02:02	1996-02-01 00:02:02	6	6	.	correct	0	0	1	.	ALT:TRIANGLE-AREA	3	0.1766
9	157	All Data	Stu_d172f184e6b8890fcdee6a7a3169e9c4	Unit Area	DESIGNING_A_QUILT	1	(WHITE-AREA QUESTION1)	1996-02-01 00:00:50	1996-02-01 00:01:01	1996-02-01 00:01:01	1996-02-01 00:01:01	11	11	.	correct	0	0	1	.	ALT:COMPOSE-BY-MULTIPLICATION	1	0.2779
10	158	All Data	Stu_d172f184e6b8890fcdee6a7a3169e9c4	Unit Area	DESIGNING_A_QUILT	1	(WHITE-AREA QUESTION2)	1996-02-01 00:01:31	1996-02-01 00:01:37	1996-02-01 00:01:37	1996-02-01 00:01:37	6	6	.	correct	0	0	1	.	ALT:COMPOSE-BY-MULTIPLICATION	4	0.215
11	159	All Data	Stu_d172f184e6b8890fcdee6a7a3169e9c4	Unit Area	DESIGNING_A_QUILT	1	(WHITE-AREA QUESTION3)	1996-02-01 00:02:02	1996-02-01 00:02:06	1996-02-01 00:02:07	1996-02-01 00:02:07	5	.	5	incorrect	1	0	1	.	ALT:COMPOSE-BY-MULTIPLICATION	7	0.1631
12	226	All Data	Stu_706a76f06dfa563c7ea573d994ca5405	Unit Area	DESIGNING_A_QUILT	1	(AREA QUESTION1)	1996-02-01 00:15:02	1996-02-01 00:15:02	1996-02-01 00:15:02	1996-02-01 00:15:02	0	0	.	correct	0	0	1	.	ALT:TRIANGLE-AREA	4	0.1322
13	227	All Data	Stu_706a76f06dfa563c7ea573d994ca5405	Unit Area	DESIGNING_A_QUILT	2	(AREA QUESTION1)	1996-02-01 00:19:19	1996-02-01 00:19:19	1996-02-01 00:19:19	1996-02-01 00:19:19	0	0	.	correct	0	0	1	.	ALT:TRIANGLE-AREA	7	0.1183
14	228	All Data	Stu_706a76f06dfa563c7ea573d994ca5405	Unit Area	DESIGNING_A_QUILT	1	(AREA QUESTION2)	1996-02-01 00:15:58	1996-02-01 00:16:05	1996-02-01 00:16:05	1996-02-01 00:16:05	7	7	.	correct	0	0	1	.	ALT:TRIANGLE-AREA	5	0.1274
15	229	All Data	Stu_706a76f06dfa563c7ea573d994ca5405	Unit Area	DESIGNING_A_QUILT	2	(AREA QUESTION2)	1996-02-01 00:19:40	1996-02-01 00:20:08	1996-02-01 00:20:08	1996-02-01 00:20:08	28	28	.	correct	0	0	1	.	ALT:TRIANGLE-AREA	8	0.114
16	230	All Data	Stu_706a76f06dfa563c7ea573d994ca5405	Unit Area	DESIGNING_A_QUILT	1	(AREA QUESTION3)	1996-02-01 00:16:49	1996-02-01 00:17:01	1996-02-01 00:17:01	1996-02-01 00:17:01	12	12	.	correct	0	0	1	.	ALT:TRIANGLE-AREA	6	0.1228
17	231	All Data	Stu_706a76f06dfa563c7ea573d994ca5405	Unit Area	DESIGNING_A_QUILT	2	(AREA QUESTION3)	1996-02-01 00:20:52	1996-02-01 00:20:56	1996-02-01 00:20:56	1996-02-01 00:20:56	4	4	.	correct	0	0	1	.	ALT:TRIANGLE-AREA	9	0.1098
18	455	All Data	Stu_e0e22d49d6bb0a1fe71e19d8d60221ae	Unit Area	DESIGNING_A_QUILT	1	(AREA QUESTION1)	1996-02-01 00:12:35	1996-02-01 00:12:35	1996-02-01 00:12:35	1996-02-01 00:12:35	0	0	.	correct	0	0	1	.	ALT:TRIANGLE-AREA	4	0.2076
19	456	All Data	Stu_e0e22d49d6bb0a1fe71e19d8d60221ae	Unit Area	DESIGNING_A_QUILT	1	(AREA QUESTION2)	1996-02-01 00:14:17	1996-02-01 00:14:35	1996-02-01 00:14:35	1996-02-01 00:14:35	18	18	.	correct	0	0	1	.	ALT:TRIANGLE-AREA	5	0.2007
20	457	All Data	Stu_e0e22d49d6bb0a1fe71e19d8d60221ae	Unit Area	DESIGNING_A_QUILT	1	(AREA QUESTION3)	1996-02-01 00:14:49	1996-02-01 00:14:54	1996-02-01 00:14:54	1996-02-01 00:14:54	5	5	.	correct	0	0	1	.	ALT:TRIANGLE-AREA	6	0.194
21	458	All Data	Stu_e0e22d49d6bb0a1fe71e19d8d60221ae	Unit Area	DESIGNING_A_QUILT	1	(WHITE-AREA QUESTION1)	1996-02-01 00:12:35	1996-02-01 00:12:44	1996-02-01 00:12:44	1996-02-01 00:12:44	9	9	.	correct	0	0	1	.	ALT:COMPOSE-BY-MULTIPLICATION	2	0.3045
22	459	All Data	Stu_e0e22d49d6bb0a1fe71e19d8d60221ae	Unit Area	DESIGNING_A_QUILT	1	(WHITE-AREA QUESTION2)	1996-02-01 00:14:35	1996-02-01 00:14:38	1996-02-01 00:14:38	1996-02-01 00:14:38	3	3	.	correct	0	0	1	.	ALT:COMPOSE-BY-MULTIPLICATION	5	0.2375
23	460	All Data	Stu_e0e22d49d6bb0a1fe71e19d8d60221ae	Unit Area	DESIGNING_A_QUILT	1	(WHITE-AREA QUESTION3)	1996-02-01 00:14:54	1996-02-01 00:14:57	1996-02-01 00:14:57	1996-02-01 00:14:57	3	3	.	correct	0	0	1	.	ALT:COMPOSE-BY-MULTIPLICATION	8	0.1814
24	657	All Data	Stu_8150b92d145a08727bc5a1e77eade01d	Unit Area	DESIGNING_A_QUILT	1	(AREA QUESTION1)	1996-02-01 00:14:00	1996-02-01 00:14:00	1996-02-01 00:14:00	1996-02-01 00:14:00	0	0	.	correct	0	0	1	.	ALT:TRIANGLE-AREA	4	0.1255
25	658	All Data	Stu_8150b92d145a08727bc5a1e77eade01d	Unit Area	DESIGNING_A_QUILT	1	(AREA QUESTION2)	1996-02-01 00:14:00	1996-02-01 00:14:18	1996-02-01 00:14:18	1996-02-01 00:14:18	18	18	.	correct	0	0	1	.	ALT:TRIANGLE-AREA	5	0.1209
26	659	All Data	Stu_8150b92d145a08727bc5a1e77eade01d	Unit Area	DESIGNING_A_QUILT	1	(AREA QUESTION3)	1996-02-01 00:14:18	1996-02-01 00:14:29	1996-02-01 00:14:29	1996-02-01 00:14:29	11	11	.	correct	0	0	1	.	ALT:TRIANGLE-AREA	6	0.1165
27	660	All Data	Stu_8150b92d145a08727bc5a1e77eade01d	Unit Area	DESIGNING_A_QUILT	1	(WHITE-AREA QUESTION1)	1996-02-01 00:14:29	1996-02-01 00:14:36	1996-02-01 00:14:36	1996-02-01 00:14:36	7	7	.	correct	0	0	1	.	ALT:COMPOSE-BY-MULTIPLICATION	2	0.1934
28	661	All Data	Stu_8150b92d145a08727bc5a1e77eade01d	Unit Area	DESIGNING_A_QUILT	1	(WHITE-AREA QUESTION2)	1996-02-01 00:14:36	1996-02-01 00:14:59	1996-02-01 00:14:59	1996-02-01 00:14:59	23	23	.	correct	0	0	1	.	ALT:COMPOSE-BY-MULTIPLICATION	3	0.1763
29	662	All Data	Stu_8150b92d145a08727bc5a1e77eade01d	Unit Area	DESIGNING_A_QUILT	1	(WHITE-AREA QUESTION3)	1996-02-01 00:14:59	1996-02-01 00:15:05	1996-02-01 00:15:05	1996-02-01 00:15:05	6	6	.	correct	0	0	1	.	ALT:COMPOSE-BY-MULTIPLICATION	4	0.1604
30	752	All Data	Stu_c232f8b37b15ea9fce7afc6b73df17bb	Unit Area	DESIGNING_A_QUILT	1	(AREA QUESTION1)	1996-02-01 00:23:06	1996-02-01 00:23:06	1996-02-01 00:23:06	1996-02-01 00:23:06	0	0	.	correct	0	0	1	.	ALT:TRIANGLE-AREA	4	0.2547
31	753	All Data	Stu_c232f8b37b15ea9fce7afc6b73df17bb	Unit Area	DESIGNING_A_QUILT	2	(AREA QUESTION1)	1996-02-01 00:55:25	1996-02-01 00:55:25	1996-02-01 00:55:25	1996-02-01 00:55:25	0	0	.	correct	0	0	1	.	ALT:TRIANGLE-AREA	12	0.1959
32	754	All Data	Stu_c232f8b37b15ea9fce7afc6b73df17bb	Unit Area	DESIGNING_A_QUILT	1	(AREA QUESTION2)	1996-02-01 00:23:48	1996-02-01 00:23:50	1996-02-01 00:23:50	1996-02-01 00:23:50	2	2	.	correct	0	0	1	.	ALT:TRIANGLE-AREA	5	0.2467
33	755	All Data	Stu_c232f8b37b15ea9fce7afc6b73df17bb	Unit Area	DESIGNING_A_QUILT	2	(AREA QUESTION2)	1996-02-01 00:55:56	1996-02-01 00:55:59	1996-02-01 00:55:59	1996-02-01 00:55:59	3	3	.	correct	0	0	1	.	ALT:TRIANGLE-AREA	13	0.1894
34	756	All Data	Stu_c232f8b37b15ea9fce7afc6b73df17bb	Unit Area	DESIGNING_A_QUILT	1	(AREA QUESTION3)	1996-02-01 00:24:15	1996-02-01 00:24:18	1996-02-01 00:24:18	1996-02-01 00:24:18	3	3	.	correct	0	0	1	.	ALT:TRIANGLE-AREA	6	0.239
35	757	All Data	Stu_c232f8b37b15ea9fce7afc6b73df17bb	Unit Area	DESIGNING_A_QUILT	2	(AREA QUESTION3)	1996-02-01 00:56:11	1996-02-01 00:56:16	1996-02-01 00:56:16	1996-02-01 00:56:16	5	5	.	correct	0	0	1	.	ALT:TRIANGLE-AREA	14	0.183
36	967	All Data	Stu_cf6b3f01b1bf297da154aaa975fbd9c1	Unit Area	DESIGNING_A_QUILT	1	(AREA QUESTION1)	1996-02-01 00:06:43	1996-02-01 00:06:43	1996-02-01 00:06:43	1996-02-01 00:06:43	0	0	.	correct	0	0	1	.	ALT:TRIANGLE-AREA	4	0.1849
37	968	All Data	Stu_cf6b3f01b1bf297da154aaa975fbd9c1	Unit Area	DESIGNING_A_QUILT	2	(AREA QUESTION1)	1996-02-01 00:10:10	1996-02-01 00:10:10	1996-02-01 00:10:11	1996-02-01 00:10:11	1	.	1	incorrect	1	0	1	.	ALT:TRIANGLE-AREA	7	0.1665
38	969	All Data	Stu_cf6b3f01b1bf297da154aaa975fbd9c1	Unit Area	DESIGNING_A_QUILT	1	(AREA QUESTION2)	1996-02-01 00:07:12	1996-02-01 00:07:22	1996-02-01 00:07:22	1996-02-01 00:07:22	10	10	.	correct	0	0	1	.	ALT:TRIANGLE-AREA	5	0.1786
39	970	All Data	Stu_cf6b3f01b1bf297da154aaa975fbd9c1	Unit Area	DESIGNING_A_QUILT	2	(AREA QUESTION2)	1996-02-01 00:10:41	1996-02-01 00:10:52	1996-02-01 00:10:52	1996-02-01 00:10:52	11	11	.	correct	0	0	1	.	ALT:TRIANGLE-AREA	8	0.1607
40	971	All Data	Stu_cf6b3f01b1bf297da154aaa975fbd9c1	Unit Area	DESIGNING_A_QUILT	1	(AREA QUESTION3)	1996-02-01 00:07:51	1996-02-01 00:07:56	1996-02-01 00:07:56	1996-02-01 00:07:56	5	5	.	correct	0	0	1	.	ALT:TRIANGLE-AREA	6	0.1725
41	972	All Data	Stu_cf6b3f01b1bf297da154aaa975fbd9c1	Unit Area	DESIGNING_A_QUILT	2	(AREA QUESTION3)	1996-02-01 00:11:13	1996-02-01 00:11:27	1996-02-01 00:11:28	1996-02-01 00:11:28	15	.	15	incorrect	1	0	1	.	ALT:TRIANGLE-AREA	9	0.1551
42	1197	All Data	Stu_ac89a0ef007fb0c8c920b786e2822d83	Unit Area	DESIGNING_A_QUILT	1	(AREA QUESTION1)	1996-02-01 00:16:25	1996-02-01 00:16:25	1996-02-01 00:16:25	1996-02-01 00:16:25	0	0	.	correct	0	0	1	.	ALT:TRIANGLE-AREA	4	0.1031
43	1198	All Data	Stu_ac89a0ef007fb0c8c920b786e2822d83	Unit Area	DESIGNING_A_QUILT	1	(AREA QUESTION2)	1996-02-01 00:16:44	1996-02-01 00:17:02	1996-02-01 00:17:02	1996-02-01 00:17:02	18	18	.	correct	0	0	1	.	ALT:TRIANGLE-AREA	5	0.0992
44	1199	All Data	Stu_ac89a0ef007fb0c8c920b786e2822d83	Unit Area	DESIGNING_A_QUILT	1	(AREA QUESTION3)	1996-02-01 00:19:00	1996-02-01 00:19:08	1996-02-01 00:19:08	1996-02-01 00:19:08	8	8	.	correct	0	0	1	.	ALT:TRIANGLE-AREA	6	0.0955
45	1200	All Data	Stu_ac89a0ef007fb0c8c920b786e2822d83	Unit Area	DESIGNING_A_QUILT	1	(WHITE-AREA QUESTION1)	1996-02-01 00:16:25	1996-02-01 00:16:44	1996-02-01 00:16:44	1996-02-01 00:16:44	19	19	.	correct	0	0	1	.	ALT:COMPOSE-BY-MULTIPLICATION	2	0.1611
46	1201	All Data	Stu_ac89a0ef007fb0c8c920b786e2822d83	Unit Area	DESIGNING_A_QUILT	1	(WHITE-AREA QUESTION2)	1996-02-01 00:17:02	1996-02-01 00:17:10	1996-02-01 00:17:10	1996-02-01 00:17:10	8	8	.	correct	0	0	1	.	ALT:COMPOSE-BY-MULTIPLICATION	3	0.1464
47	1202	All Data	Stu_ac89a0ef007fb0c8c920b786e2822d83	Unit Area	DESIGNING_A_QUILT	1	(WHITE-AREA QUESTION3)	1996-02-01 00:19:08	1996-02-01 00:19:13	1996-02-01 00:19:13	1996-02-01 00:19:13	5	5	.	correct	0	0	1	.	ALT:COMPOSE-BY-MULTIPLICATION	8	0.0886
48	1351	All Data	Stu_ac8f950f416639e014a1294ac59b4086	Unit Area	DESIGNING_A_QUILT	1	(AREA QUESTION1)	1996-02-01 00:18:57	1996-02-01 00:18:57	1996-02-01 00:18:57	1996-02-01 00:18:57	0	0	.	correct	0	0	1	.	ALT:TRIANGLE-AREA	4	0.3335
49	1352	All Data	Stu_ac8f950f416639e014a1294ac59b4086	Unit Area	DESIGNING_A_QUILT	2	(AREA QUESTION1)	1996-02-01 00:25:24	1996-02-01 00:25:24	1996-02-01 00:25:24	1996-02-01 00:25:24	0	0	.	correct	0	0	1	.	ALT:TRIANGLE-AREA	8	0.297
50	1353	All Data	Stu_ac8f950f416639e014a1294ac59b4086	Unit Area	DESIGNING_A_QUILT	1	(AREA QUESTION2)	1996-02-01 00:19:10	1996-02-01 00:19:55	1996-02-01 00:19:56	1996-02-01 00:19:56	46	.	46	incorrect	1	0	1	.	ALT:TRIANGLE-AREA	5	0.3242
51	1354	All Data	Stu_ac8f950f416639e014a1294ac59b4086	Unit Area	DESIGNING_A_QUILT	2	(AREA QUESTION2)	1996-02-01 00:25:45	1996-02-01 00:25:49	1996-02-01 00:25:49	1996-02-01 00:25:49	4	4	.	correct	0	0	1	.	ALT:TRIANGLE-AREA	9	0.2883
52	1355	All Data	Stu_ac8f950f416639e014a1294ac59b4086	Unit Area	DESIGNING_A_QUILT	1	(AREA QUESTION3)	1996-02-01 00:21:31	1996-02-01 00:21:36	1996-02-01 00:21:36	1996-02-01 00:21:36	5	5	.	correct	0	0	1	.	ALT:TRIANGLE-AREA	6	0.315
53	1356	All Data	Stu_ac8f950f416639e014a1294ac59b4086	Unit Area	DESIGNING_A_QUILT	2	(AREA QUESTION3)	1996-02-01 00:25:59	1996-02-01 00:26:00	1996-02-01 00:26:01	1996-02-01 00:26:01	2	.	2	incorrect	1	0	1	.	ALT:TRIANGLE-AREA	10	0.2797
54	1602	All Data	Stu_02ee1b3f31a6f6a7f4b8012298b2395e	Unit Area	DESIGNING_A_QUILT	1	(AREA QUESTION1)	1996-02-01 00:36:03	1996-02-01 00:36:03	1996-02-01 00:36:03	1996-02-01 00:36:03	0	0	.	correct	0	0	1	.	ALT:TRIANGLE-AREA	4	0.4183
55	1603	All Data	Stu_02ee1b3f31a6f6a7f4b8012298b2395e	Unit Area	DESIGNING_A_QUILT	2	(AREA QUESTION1)	1996-02-01 00:41:33	1996-02-01 00:41:33	1996-02-01 00:41:33	1996-02-01 00:41:33	0	0	.	correct	0	0	1	.	ALT:TRIANGLE-AREA	8	0.3779
56	1604	All Data	Stu_02ee1b3f31a6f6a7f4b8012298b2395e	Unit Area	DESIGNING_A_QUILT	1	(AREA QUESTION2)	1996-02-01 00:37:58	1996-02-01 00:38:16	1996-02-01 00:38:17	1996-02-01 00:38:17	19	.	19	incorrect	1	0	1	.	ALT:TRIANGLE-AREA	5	0.4081
57	1605	All Data	Stu_02ee1b3f31a6f6a7f4b8012298b2395e	Unit Area	DESIGNING_A_QUILT	2	(AREA QUESTION2)	1996-02-01 00:42:11	1996-02-01 00:42:15	1996-02-01 00:42:15	1996-02-01 00:42:15	4	4	.	correct	0	0	1	.	ALT:TRIANGLE-AREA	9	0.368
58	1606	All Data	Stu_02ee1b3f31a6f6a7f4b8012298b2395e	Unit Area	DESIGNING_A_QUILT	1	(AREA QUESTION3)	1996-02-01 00:38:57	1996-02-01 00:39:09	1996-02-01 00:39:09	1996-02-01 00:39:09	12	12	.	correct	0	0	1	.	ALT:TRIANGLE-AREA	6	0.3979
59	1607	All Data	Stu_02ee1b3f31a6f6a7f4b8012298b2395e	Unit Area	DESIGNING_A_QUILT	2	(AREA QUESTION3)	1996-02-01 00:42:45	1996-02-01 00:42:48	1996-02-01 00:42:48	1996-02-01 00:42:48	3	3	.	correct	0	0	1	.	ALT:TRIANGLE-AREA	10	0.3582
60	1746	All Data	Stu_d5290be96a793ac550b7d2b0b31e4244	Unit Area	DESIGNING_A_QUILT	1	(AREA QUESTION1)	1996-02-01 00:36:55	1996-02-01 00:36:55	1996-02-01 00:36:55	1996-02-01 00:36:55	0	0	.	correct	0	0	1	.	ALT:TRIANGLE-AREA	4	0.3363
61	1747	All Data	Stu_d5290be96a793ac550b7d2b0b31e4244	Unit Area	DESIGNING_A_QUILT	1	(AREA QUESTION2)	1996-02-01 00:37:38	1996-02-01 00:37:46	1996-02-01 00:37:46	1996-02-01 00:37:46	8	8	.	correct	0	0	1	.	ALT:TRIANGLE-AREA	5	0.3269
62	1748	All Data	Stu_d5290be96a793ac550b7d2b0b31e4244	Unit Area	DESIGNING_A_QUILT	1	(AREA QUESTION3)	1996-02-01 00:38:54	1996-02-01 00:39:04	1996-02-01 00:39:04	1996-02-01 00:39:04	10	10	.	correct	0	0	1	.	ALT:TRIANGLE-AREA	6	0.3177
63	1749	All Data	Stu_d5290be96a793ac550b7d2b0b31e4244	Unit Area	DESIGNING_A_QUILT	1	(WHITE-AREA QUESTION1)	1996-02-01 00:36:55	1996-02-01 00:37:12	1996-02-01 00:37:12	1996-02-01 00:37:12	17	17	.	correct	0	0	1	.	ALT:COMPOSE-BY-MULTIPLICATION	2	0.4585
64	1750	All Data	Stu_d5290be96a793ac550b7d2b0b31e4244	Unit Area	DESIGNING_A_QUILT	1	(WHITE-AREA QUESTION2)	1996-02-01 00:37:46	1996-02-01 00:38:05	1996-02-01 00:38:05	1996-02-01 00:38:05	19	19	.	correct	0	0	1	.	ALT:COMPOSE-BY-MULTIPLICATION	5	0.376
65	1751	All Data	Stu_d5290be96a793ac550b7d2b0b31e4244	Unit Area	DESIGNING_A_QUILT	1	(WHITE-AREA QUESTION3)	1996-02-01 00:39:04	1996-02-01 00:39:20	1996-02-01 00:39:20	1996-02-01 00:39:20	16	16	.	correct	0	0	1	.	ALT:COMPOSE-BY-MULTIPLICATION	8	0.3001
66	1977	All Data	Stu_4e8a5be7f2663d2ccccfb59c684d5452	Unit Area	DESIGNING_A_QUILT	1	(AREA QUESTION1)	1996-02-01 00:40:37	1996-02-01 00:40:37	1996-02-01 00:40:38	1996-02-01 00:40:38	1	.	1	incorrect	1	0	1	.	ALT:TRIANGLE-AREA	4	0.2845
67	1978	All Data	Stu_4e8a5be7f2663d2ccccfb59c684d5452	Unit Area	DESIGNING_A_QUILT	2	(AREA QUESTION1)	1996-02-01 00:48:12	1996-02-01 00:48:12	1996-02-01 00:48:13	1996-02-01 00:48:13	1	.	1	incorrect	1	0	1	.	ALT:TRIANGLE-AREA	8	0.2513
68	1979	All Data	Stu_4e8a5be7f2663d2ccccfb59c684d5452	Unit Area	DESIGNING_A_QUILT	1	(AREA QUESTION2)	1996-02-01 00:40:38	1996-02-01 00:40:54	1996-02-01 00:40:54	1996-02-01 00:40:54	16	16	.	correct	0	0	1	.	ALT:TRIANGLE-AREA	5	0.2759
69	1980	All Data	Stu_4e8a5be7f2663d2ccccfb59c684d5452	Unit Area	DESIGNING_A_QUILT	2	(AREA QUESTION2)	1996-02-01 00:48:13	1996-02-01 00:48:46	1996-02-01 00:48:47	1996-02-01 00:48:47	34	.	34	incorrect	1	0	1	.	ALT:TRIANGLE-AREA	9	0.2435
70	1981	All Data	Stu_4e8a5be7f2663d2ccccfb59c684d5452	Unit Area	DESIGNING_A_QUILT	1	(AREA QUESTION3)	1996-02-01 00:40:54	1996-02-01 00:41:04	1996-02-01 00:41:05	1996-02-01 00:41:05	11	.	11	incorrect	1	0	1	.	ALT:TRIANGLE-AREA	6	0.2676
71	1982	All Data	Stu_4e8a5be7f2663d2ccccfb59c684d5452	Unit Area	DESIGNING_A_QUILT	2	(AREA QUESTION3)	1996-02-01 00:48:47	1996-02-01 00:48:57	1996-02-01 00:48:57	1996-02-01 00:48:57	10	10	.	correct	0	0	1	.	ALT:TRIANGLE-AREA	10	0.2358
72	2109	All Data	Stu_1d6b91d4b593d7e4f5622275b3295663	Unit Area	DESIGNING_A_QUILT	1	(AREA QUESTION1)	1996-02-01 00:00:30	1996-02-01 00:00:30	1996-02-01 00:00:30	1996-02-01 00:00:30	0	0	.	correct	0	0	1	.	ALT:TRIANGLE-AREA	1	0.278
73	2110	All Data	Stu_1d6b91d4b593d7e4f5622275b3295663	Unit Area	DESIGNING_A_QUILT	1	(AREA QUESTION2)	1996-02-01 00:01:53	1996-02-01 00:02:00	1996-02-01 00:02:01	1996-02-01 00:02:01	8	.	8	incorrect	1	0	1	.	ALT:TRIANGLE-AREA	2	0.2696
74	2111	All Data	Stu_1d6b91d4b593d7e4f5622275b3295663	Unit Area	DESIGNING_A_QUILT	1	(AREA QUESTION3)	1996-02-01 00:03:20	1996-02-01 00:03:34	1996-02-01 00:03:34	1996-02-01 00:03:34	14	14	.	correct	0	0	1	.	ALT:TRIANGLE-AREA	3	0.2613
75	2112	All Data	Stu_1d6b91d4b593d7e4f5622275b3295663	Unit Area	DESIGNING_A_QUILT	1	(WHITE-AREA QUESTION1)	1996-02-01 00:00:30	1996-02-01 00:00:47	1996-02-01 00:00:47	1996-02-01 00:00:47	17	17	.	correct	0	0	1	.	ALT:COMPOSE-BY-MULTIPLICATION	1	0.3883
76	2113	All Data	Stu_1d6b91d4b593d7e4f5622275b3295663	Unit Area	DESIGNING_A_QUILT	1	(WHITE-AREA QUESTION2)	1996-02-01 00:02:01	1996-02-01 00:02:11	1996-02-01 00:02:12	1996-02-01 00:02:12	11	.	11	incorrect	1	0	1	.	ALT:COMPOSE-BY-MULTIPLICATION	4	0.3112
77	2114	All Data	Stu_1d6b91d4b593d7e4f5622275b3295663	Unit Area	DESIGNING_A_QUILT	1	(WHITE-AREA QUESTION3)	1996-02-01 00:03:34	1996-02-01 00:03:43	1996-02-01 00:03:44	1996-02-01 00:03:44	10	.	10	incorrect	1	0	1	.	ALT:COMPOSE-BY-MULTIPLICATION	7	0.2433
78	2224	All Data	Stu_d84aa55d6a524370492c9ed6d401919a	Unit Area	DESIGNING_A_QUILT	1	(AREA QUESTION1)	1996-02-01 00:16:18	1996-02-01 00:16:18	1996-02-01 00:16:18	1996-02-01 00:16:18	0	0	.	correct	0	0	1	.	ALT:TRIANGLE-AREA	4	0.2486
79	2225	All Data	Stu_d84aa55d6a524370492c9ed6d401919a	Unit Area	DESIGNING_A_QUILT	2	(AREA QUESTION1)	1996-02-01 00:22:25	1996-02-01 00:22:25	1996-02-01 00:22:25	1996-02-01 00:22:25	0	0	.	correct	0	0	1	.	ALT:TRIANGLE-AREA	7	0.2256
80	2226	All Data	Stu_d84aa55d6a524370492c9ed6d401919a	Unit Area	DESIGNING_A_QUILT	1	(AREA QUESTION2)	1996-02-01 00:17:21	1996-02-01 00:17:27	1996-02-01 00:17:27	1996-02-01 00:17:27	6	6	.	correct	0	0	1	.	ALT:TRIANGLE-AREA	5	0.2408
81	2227	All Data	Stu_d84aa55d6a524370492c9ed6d401919a	Unit Area	DESIGNING_A_QUILT	2	(AREA QUESTION2)	1996-02-01 00:23:13	1996-02-01 00:23:19	1996-02-01 00:23:19	1996-02-01 00:23:19	6	6	.	correct	0	0	1	.	ALT:TRIANGLE-AREA	8	0.2183
82	2228	All Data	Stu_d84aa55d6a524370492c9ed6d401919a	Unit Area	DESIGNING_A_QUILT	1	(AREA QUESTION3)	1996-02-01 00:17:39	1996-02-01 00:17:41	1996-02-01 00:17:41	1996-02-01 00:17:41	2	2	.	correct	0	0	1	.	ALT:TRIANGLE-AREA	6	0.2331
83	2229	All Data	Stu_d84aa55d6a524370492c9ed6d401919a	Unit Area	DESIGNING_A_QUILT	2	(AREA QUESTION3)	1996-02-01 00:23:44	1996-02-01 00:23:52	1996-02-01 00:23:52	1996-02-01 00:23:52	8	8	.	correct	0	0	1	.	ALT:TRIANGLE-AREA	9	0.2112
84	2410	All Data	Stu_f01773c1237a0acdf4170202bf5b5c32	Unit Area	DESIGNING_A_QUILT	1	(AREA QUESTION1)	1996-02-01 00:22:18	1996-02-01 00:22:18	1996-02-01 00:22:19	1996-02-01 00:22:19	1	.	1	incorrect	1	0	1	.	ALT:TRIANGLE-AREA	4	0.1573
85	2411	All Data	Stu_f01773c1237a0acdf4170202bf5b5c32	Unit Area	DESIGNING_A_QUILT	2	(AREA QUESTION1)	1996-02-01 00:24:30	1996-02-01 00:24:30	1996-02-01 00:24:30	1996-02-01 00:24:30	0	0	.	correct	0	0	1	.	ALT:TRIANGLE-AREA	8	0.1361
86	2412	All Data	Stu_f01773c1237a0acdf4170202bf5b5c32	Unit Area	DESIGNING_A_QUILT	1	(AREA QUESTION2)	1996-02-01 00:22:45	1996-02-01 00:22:55	1996-02-01 00:22:55	1996-02-01 00:22:55	10	10	.	correct	0	0	1	.	ALT:TRIANGLE-AREA	5	0.1518
87	2413	All Data	Stu_f01773c1237a0acdf4170202bf5b5c32	Unit Area	DESIGNING_A_QUILT	2	(AREA QUESTION2)	1996-02-01 00:24:52	1996-02-01 00:24:56	1996-02-01 00:24:56	1996-02-01 00:24:56	4	4	.	correct	0	0	1	.	ALT:TRIANGLE-AREA	9	0.1313
88	2414	All Data	Stu_f01773c1237a0acdf4170202bf5b5c32	Unit Area	DESIGNING_A_QUILT	1	(AREA QUESTION3)	1996-02-01 00:23:23	1996-02-01 00:23:27	1996-02-01 00:23:27	1996-02-01 00:23:27	4	4	.	correct	0	0	1	.	ALT:TRIANGLE-AREA	6	0.1464
89	2415	All Data	Stu_f01773c1237a0acdf4170202bf5b5c32	Unit Area	DESIGNING_A_QUILT	2	(AREA QUESTION3)	1996-02-01 00:25:25	1996-02-01 00:25:35	1996-02-01 00:25:35	1996-02-01 00:25:35	10	10	.	correct	0	0	1	.	ALT:TRIANGLE-AREA	10	0.1265
90	2589	All Data	Stu_58d8c63d6e15a65f05b2e59e0a285d8f	Unit Area	DESIGNING_A_QUILT	1	(AREA QUESTION1)	1996-02-01 00:14:23	1996-02-01 00:14:23	1996-02-01 00:14:23	1996-02-01 00:14:23	0	0	.	correct	0	0	1	.	ALT:TRIANGLE-AREA	4	0.2519
91	2590	All Data	Stu_58d8c63d6e15a65f05b2e59e0a285d8f	Unit Area	DESIGNING_A_QUILT	2	(AREA QUESTION1)	1996-02-01 00:19:24	1996-02-01 00:19:24	1996-02-01 00:19:25	1996-02-01 00:19:25	1	.	1	incorrect	1	0	1	.	ALT:TRIANGLE-AREA	7	0.2287
92	2591	All Data	Stu_58d8c63d6e15a65f05b2e59e0a285d8f	Unit Area	DESIGNING_A_QUILT	1	(AREA QUESTION2)	1996-02-01 00:14:23	1996-02-01 00:14:28	1996-02-01 00:14:28	1996-02-01 00:14:28	5	5	.	correct	0	0	1	.	ALT:TRIANGLE-AREA	5	0.244
93	2592	All Data	Stu_58d8c63d6e15a65f05b2e59e0a285d8f	Unit Area	DESIGNING_A_QUILT	2	(AREA QUESTION2)	1996-02-01 00:19:25	1996-02-01 00:19:31	1996-02-01 00:19:31	1996-02-01 00:19:31	6	6	.	correct	0	0	1	.	ALT:TRIANGLE-AREA	8	0.2214
94	2593	All Data	Stu_58d8c63d6e15a65f05b2e59e0a285d8f	Unit Area	DESIGNING_A_QUILT	1	(AREA QUESTION3)	1996-02-01 00:14:28	1996-02-01 00:14:31	1996-02-01 00:14:31	1996-02-01 00:14:31	3	3	.	correct	0	0	1	.	ALT:TRIANGLE-AREA	6	0.2363
95	2594	All Data	Stu_58d8c63d6e15a65f05b2e59e0a285d8f	Unit Area	DESIGNING_A_QUILT	2	(AREA QUESTION3)	1996-02-01 00:19:31	1996-02-01 00:19:37	1996-02-01 00:19:37	1996-02-01 00:19:37	6	6	.	correct	0	0	1	.	ALT:TRIANGLE-AREA	9	0.2142
96	2837	All Data	Stu_d7f18a5fa205a889b0c5b0b56a7127d3	Unit Area	DESIGNING_A_QUILT	1	(AREA QUESTION1)	1996-02-01 00:25:39	1996-02-01 00:25:39	1996-02-01 00:25:39	1996-02-01 00:25:39	0	0	.	correct	0	0	1	.	ALT:TRIANGLE-AREA	4	0.3176
97	2838	All Data	Stu_d7f18a5fa205a889b0c5b0b56a7127d3	Unit Area	DESIGNING_A_QUILT	2	(AREA QUESTION1)	1996-02-01 00:34:09	1996-02-01 00:34:09	1996-02-01 00:34:09	1996-02-01 00:34:09	0	0	.	correct	0	0	1	.	ALT:TRIANGLE-AREA	7	0.2908
98	2839	All Data	Stu_d7f18a5fa205a889b0c5b0b56a7127d3	Unit Area	DESIGNING_A_QUILT	1	(AREA QUESTION2)	1996-02-01 00:26:24	1996-02-01 00:26:32	1996-02-01 00:26:32	1996-02-01 00:26:32	8	8	.	correct	0	0	1	.	ALT:TRIANGLE-AREA	5	0.3085
99	2840	All Data	Stu_d7f18a5fa205a889b0c5b0b56a7127d3	Unit Area	DESIGNING_A_QUILT	2	(AREA QUESTION2)	1996-02-01 00:34:51	1996-02-01 00:34:59	1996-02-01 00:34:59	1996-02-01 00:34:59	8	8	.	correct	0	0	1	.	ALT:TRIANGLE-AREA	8	0.2822
100	2841	All Data	Stu_d7f18a5fa205a889b0c5b0b56a7127d3	Unit Area	DESIGNING_A_QUILT	1	(AREA QUESTION3)	1996-02-01 00:26:59	1996-02-01 00:27:06	1996-02-01 00:27:06	1996-02-01 00:27:06	7	7	.	correct	0	0	1	.	ALT:TRIANGLE-AREA	6	0.2996
101	2842	All Data	Stu_d7f18a5fa205a889b0c5b0b56a7127d3	Unit Area	DESIGNING_A_QUILT	2	(AREA QUESTION3)	1996-02-01 00:35:16	1996-02-01 00:35:21	1996-02-01 00:35:21	1996-02-01 00:35:21	5	5	.	correct	0	0	1	.	ALT:TRIANGLE-AREA	9	0.2737
102	3060	All Data	Stu_7dadea175538760bab3eb0216d91e3ef	Unit Area	DESIGNING_A_QUILT	1	(AREA QUESTION1)	1996-02-01 00:22:58	1996-02-01 00:23:16	1996-02-01 00:23:16	1996-02-01 00:23:16	18	18	.	correct	0	0	1	.	ALT:TRIANGLE-AREA	4	0.2554
103	3061	All Data	Stu_7dadea175538760bab3eb0216d91e3ef	Unit Area	DESIGNING_A_QUILT	2	(AREA QUESTION1)	1996-02-01 00:32:01	1996-02-01 00:32:01	1996-02-01 00:32:01	1996-02-01 00:32:01	0	0	.	correct	0	0	1	.	ALT:TRIANGLE-AREA	8	0.2246
104	3062	All Data	Stu_7dadea175538760bab3eb0216d91e3ef	Unit Area	DESIGNING_A_QUILT	1	(AREA QUESTION2)	1996-02-01 00:25:12	1996-02-01 00:25:16	1996-02-01 00:25:16	1996-02-01 00:25:16	4	4	.	correct	0	0	1	.	ALT:TRIANGLE-AREA	5	0.2475
105	3063	All Data	Stu_7dadea175538760bab3eb0216d91e3ef	Unit Area	DESIGNING_A_QUILT	2	(AREA QUESTION2)	1996-02-01 00:32:23	1996-02-01 00:32:25	1996-02-01 00:32:25	1996-02-01 00:32:25	2	2	.	correct	0	0	1	.	ALT:TRIANGLE-AREA	9	0.2174
106	3064	All Data	Stu_7dadea175538760bab3eb0216d91e3ef	Unit Area	DESIGNING_A_QUILT	1	(AREA QUESTION3)	1996-02-01 00:26:44	1996-02-01 00:26:49	1996-02-01 00:26:49	1996-02-01 00:26:49	5	5	.	correct	0	0	1	.	ALT:TRIANGLE-AREA	6	0.2397
107	3065	All Data	Stu_7dadea175538760bab3eb0216d91e3ef	Unit Area	DESIGNING_A_QUILT	2	(AREA QUESTION3)	1996-02-01 00:33:11	1996-02-01 00:33:21	1996-02-01 00:33:21	1996-02-01 00:33:21	10	10	.	correct	0	0	1	.	ALT:TRIANGLE-AREA	10	0.2103
108	3210	All Data	Stu_ca9efbdfd732adc02df2ab44092e1e85	Unit Area	DESIGNING_A_QUILT	1	(AREA QUESTION1)	1996-02-01 00:13:37	1996-02-01 00:13:37	1996-02-01 00:13:37	1996-02-01 00:13:37	0	0	.	correct	0	0	1	.	ALT:TRIANGLE-AREA	4	0.2336
109	3211	All Data	Stu_ca9efbdfd732adc02df2ab44092e1e85	Unit Area	DESIGNING_A_QUILT	2	(AREA QUESTION1)	1996-02-01 00:16:30	1996-02-01 00:16:30	1996-02-01 00:16:30	1996-02-01 00:16:30	0	0	.	correct	0	0	1	.	ALT:TRIANGLE-AREA	7	0.2117
110	3212	All Data	Stu_ca9efbdfd732adc02df2ab44092e1e85	Unit Area	DESIGNING_A_QUILT	1	(AREA QUESTION2)	1996-02-01 00:14:18	1996-02-01 00:14:25	1996-02-01 00:14:25	1996-02-01 00:14:25	7	7	.	correct	0	0	1	.	ALT:TRIANGLE-AREA	5	0.2261
111	3213	All Data	Stu_ca9efbdfd732adc02df2ab44092e1e85	Unit Area	DESIGNING_A_QUILT	2	(AREA QUESTION2)	1996-02-01 00:16:50	1996-02-01 00:16:55	1996-02-01 00:16:55	1996-02-01 00:16:55	5	5	.	correct	0	0	1	.	ALT:TRIANGLE-AREA	8	0.2047
112	3214	All Data	Stu_ca9efbdfd732adc02df2ab44092e1e85	Unit Area	DESIGNING_A_QUILT	1	(AREA QUESTION3)	1996-02-01 00:15:03	1996-02-01 00:15:10	1996-02-01 00:15:10	1996-02-01 00:15:10	7	7	.	correct	0	0	1	.	ALT:TRIANGLE-AREA	6	0.2188
113	3215	All Data	Stu_ca9efbdfd732adc02df2ab44092e1e85	Unit Area	DESIGNING_A_QUILT	2	(AREA QUESTION3)	1996-02-01 00:16:55	1996-02-01 00:17:09	1996-02-01 00:17:09	1996-02-01 00:17:09	14	14	.	correct	0	0	1	.	ALT:TRIANGLE-AREA	9	0.1979
114	3408	All Data	Stu_c451386562a85a0cc50c36d6df6db731	Unit Area	DESIGNING_A_QUILT	1	(AREA QUESTION1)	1996-02-01 00:11:56	1996-02-01 00:11:56	1996-02-01 00:11:57	1996-02-01 00:11:57	1	.	1	incorrect	1	0	1	.	ALT:TRIANGLE-AREA	4	0.3298
115	3409	All Data	Stu_c451386562a85a0cc50c36d6df6db731	Unit Area	DESIGNING_A_QUILT	2	(AREA QUESTION1)	1996-02-01 00:14:50	1996-02-01 00:14:50	1996-02-01 00:14:51	1996-02-01 00:14:51	1	.	1	incorrect	1	0	1	.	ALT:TRIANGLE-AREA	8	0.2936
116	3410	All Data	Stu_c451386562a85a0cc50c36d6df6db731	Unit Area	DESIGNING_A_QUILT	1	(AREA QUESTION2)	1996-02-01 00:12:22	1996-02-01 00:12:33	1996-02-01 00:12:34	1996-02-01 00:12:34	12	.	12	incorrect	1	0	1	.	ALT:TRIANGLE-AREA	5	0.3205
117	3411	All Data	Stu_c451386562a85a0cc50c36d6df6db731	Unit Area	DESIGNING_A_QUILT	2	(AREA QUESTION2)	1996-02-01 00:15:11	1996-02-01 00:16:06	1996-02-01 00:16:06	1996-02-01 00:16:06	55	55	.	correct	0	0	1	.	ALT:TRIANGLE-AREA	9	0.2849
118	3412	All Data	Stu_c451386562a85a0cc50c36d6df6db731	Unit Area	DESIGNING_A_QUILT	1	(AREA QUESTION3)	1996-02-01 00:13:27	1996-02-01 00:13:36	1996-02-01 00:13:37	1996-02-01 00:13:37	10	.	10	incorrect	1	0	1	.	ALT:TRIANGLE-AREA	6	0.3114
119	3413	All Data	Stu_c451386562a85a0cc50c36d6df6db731	Unit Area	DESIGNING_A_QUILT	2	(AREA QUESTION3)	1996-02-01 00:16:20	1996-02-01 00:16:35	1996-02-01 00:16:36	1996-02-01 00:16:36	16	.	16	incorrect	1	0	1	.	ALT:TRIANGLE-AREA	10	0.2764
120	3624	All Data	Stu_733990addc60bb852997e415bcc9577e	Unit Area	DESIGNING_A_QUILT	1	(AREA QUESTION1)	1996-02-01 00:21:05	1996-02-01 00:21:05	1996-02-01 00:21:06	1996-02-01 00:21:06	1	.	1	incorrect	1	0	1	.	ALT:TRIANGLE-AREA	4	0.1932
121	3625	All Data	Stu_733990addc60bb852997e415bcc9577e	Unit Area	DESIGNING_A_QUILT	2	(AREA QUESTION1)	1996-02-01 00:26:25	1996-02-01 00:26:25	1996-02-01 00:26:25	1996-02-01 00:26:25	0	0	.	correct	0	0	1	.	ALT:TRIANGLE-AREA	8	0.1682
122	3626	All Data	Stu_733990addc60bb852997e415bcc9577e	Unit Area	DESIGNING_A_QUILT	1	(AREA QUESTION2)	1996-02-01 00:21:40	1996-02-01 00:22:02	1996-02-01 00:22:02	1996-02-01 00:22:02	22	22	.	correct	0	0	1	.	ALT:TRIANGLE-AREA	5	0.1867
123	3627	All Data	Stu_733990addc60bb852997e415bcc9577e	Unit Area	DESIGNING_A_QUILT	2	(AREA QUESTION2)	1996-02-01 00:26:53	1996-02-01 00:26:54	1996-02-01 00:26:54	1996-02-01 00:26:54	1	1	.	correct	0	0	1	.	ALT:TRIANGLE-AREA	9	0.1624
124	3628	All Data	Stu_733990addc60bb852997e415bcc9577e	Unit Area	DESIGNING_A_QUILT	1	(AREA QUESTION3)	1996-02-01 00:22:26	1996-02-01 00:22:29	1996-02-01 00:22:29	1996-02-01 00:22:29	3	3	.	correct	0	0	1	.	ALT:TRIANGLE-AREA	6	0.1803
125	3629	All Data	Stu_733990addc60bb852997e415bcc9577e	Unit Area	DESIGNING_A_QUILT	2	(AREA QUESTION3)	1996-02-01 00:27:14	1996-02-01 00:27:19	1996-02-01 00:27:19	1996-02-01 00:27:19	5	5	.	correct	0	0	1	.	ALT:TRIANGLE-AREA	10	0.1567
126	3756	All Data	Stu_1afbee9e3e83bb801b589108fb46028a	Unit Area	DESIGNING_A_QUILT	1	(AREA QUESTION1)	1996-02-01 00:05:15	1996-02-01 00:05:15	1996-02-01 00:05:15	1996-02-01 00:05:15	0	0	.	correct	0	0	1	.	ALT:TRIANGLE-AREA	3	0.1692
127	3757	All Data	Stu_1afbee9e3e83bb801b589108fb46028a	Unit Area	DESIGNING_A_QUILT	1	(AREA QUESTION2)	1996-02-01 00:05:35	1996-02-01 00:05:37	1996-02-01 00:05:37	1996-02-01 00:05:37	2	2	.	correct	0	0	1	.	ALT:TRIANGLE-AREA	4	0.1633
128	3758	All Data	Stu_1afbee9e3e83bb801b589108fb46028a	Unit Area	DESIGNING_A_QUILT	1	(AREA QUESTION3)	1996-02-01 00:05:37	1996-02-01 00:05:41	1996-02-01 00:05:41	1996-02-01 00:05:41	4	4	.	correct	0	0	1	.	ALT:TRIANGLE-AREA	5	0.1576
129	3759	All Data	Stu_1afbee9e3e83bb801b589108fb46028a	Unit Area	DESIGNING_A_QUILT	1	(WHITE-AREA QUESTION1)	1996-02-01 00:05:15	1996-02-01 00:05:24	1996-02-01 00:05:24	1996-02-01 00:05:24	9	9	.	correct	0	0	1	.	ALT:COMPOSE-BY-MULTIPLICATION	3	0.2255
130	3760	All Data	Stu_1afbee9e3e83bb801b589108fb46028a	Unit Area	DESIGNING_A_QUILT	1	(WHITE-AREA QUESTION2)	1996-02-01 00:05:56	1996-02-01 00:05:57	1996-02-01 00:05:57	1996-02-01 00:05:57	1	1	.	correct	0	0	1	.	ALT:COMPOSE-BY-MULTIPLICATION	9	0.1285
131	3761	All Data	Stu_1afbee9e3e83bb801b589108fb46028a	Unit Area	DESIGNING_A_QUILT	1	(WHITE-AREA QUESTION3)	1996-02-01 00:05:41	1996-02-01 00:05:46	1996-02-01 00:05:46	1996-02-01 00:05:46	5	5	.	correct	0	0	1	.	ALT:COMPOSE-BY-MULTIPLICATION	6	0.1717
132	3863	All Data	Stu_1b394ff128c045b7d4ad4f6e83933b72	Unit Area	DESIGNING_A_QUILT	1	(AREA QUESTION1)	1996-02-01 00:26:01	1996-02-01 00:26:01	1996-02-01 00:26:01	1996-02-01 00:26:01	0	0	.	correct	0	0	1	.	ALT:TRIANGLE-AREA	4	0.156
133	3864	All Data	Stu_1b394ff128c045b7d4ad4f6e83933b72	Unit Area	DESIGNING_A_QUILT	1	(AREA QUESTION2)	1996-02-01 00:27:05	1996-02-01 00:27:12	1996-02-01 00:27:12	1996-02-01 00:27:12	7	7	.	correct	0	0	1	.	ALT:TRIANGLE-AREA	5	0.1505
134	3865	All Data	Stu_1b394ff128c045b7d4ad4f6e83933b72	Unit Area	DESIGNING_A_QUILT	1	(AREA QUESTION3)	1996-02-01 00:27:36	1996-02-01 00:27:39	1996-02-01 00:27:39	1996-02-01 00:27:39	3	3	.	correct	0	0	1	.	ALT:TRIANGLE-AREA	6	0.1452
135	3866	All Data	Stu_1b394ff128c045b7d4ad4f6e83933b72	Unit Area	DESIGNING_A_QUILT	1	(WHITE-AREA QUESTION1)	1996-02-01 00:26:01	1996-02-01 00:26:15	1996-02-01 00:26:15	1996-02-01 00:26:15	14	14	.	correct	0	0	1	.	ALT:COMPOSE-BY-MULTIPLICATION	2	0.236
136	3867	All Data	Stu_1b394ff128c045b7d4ad4f6e83933b72	Unit Area	DESIGNING_A_QUILT	1	(WHITE-AREA QUESTION2)	1996-02-01 00:27:12	1996-02-01 00:27:27	1996-02-01 00:27:27	1996-02-01 00:27:27	15	15	.	correct	0	0	1	.	ALT:COMPOSE-BY-MULTIPLICATION	5	0.1802
137	3868	All Data	Stu_1b394ff128c045b7d4ad4f6e83933b72	Unit Area	DESIGNING_A_QUILT	1	(WHITE-AREA QUESTION3)	1996-02-01 00:27:39	1996-02-01 00:27:48	1996-02-01 00:27:48	1996-02-01 00:27:48	9	9	.	correct	0	0	1	.	ALT:COMPOSE-BY-MULTIPLICATION	8	0.1352
138	4015	All Data	Stu_e242582bd5729de82485e42d69e22109	Unit Area	DESIGNING_A_QUILT	1	(AREA QUESTION1)	1996-02-01 00:26:23	1996-02-01 00:26:23	1996-02-01 00:26:23	1996-02-01 00:26:23	0	0	.	correct	0	0	1	.	ALT:TRIANGLE-AREA	4	0.2146
139	4016	All Data	Stu_e242582bd5729de82485e42d69e22109	Unit Area	DESIGNING_A_QUILT	1	(AREA QUESTION2)	1996-02-01 00:27:08	1996-02-01 00:27:12	1996-02-01 00:27:12	1996-02-01 00:27:12	4	4	.	correct	0	0	1	.	ALT:TRIANGLE-AREA	5	0.2076
140	4017	All Data	Stu_e242582bd5729de82485e42d69e22109	Unit Area	DESIGNING_A_QUILT	1	(AREA QUESTION3)	1996-02-01 00:27:35	1996-02-01 00:27:39	1996-02-01 00:27:39	1996-02-01 00:27:39	4	4	.	correct	0	0	1	.	ALT:TRIANGLE-AREA	6	0.2007
141	4018	All Data	Stu_e242582bd5729de82485e42d69e22109	Unit Area	DESIGNING_A_QUILT	1	(WHITE-AREA QUESTION1)	1996-02-01 00:26:23	1996-02-01 00:26:42	1996-02-01 00:26:43	1996-02-01 00:26:43	20	.	20	incorrect	1	0	1	.	ALT:COMPOSE-BY-MULTIPLICATION	2	0.3135
142	4019	All Data	Stu_e242582bd5729de82485e42d69e22109	Unit Area	DESIGNING_A_QUILT	1	(WHITE-AREA QUESTION2)	1996-02-01 00:27:12	1996-02-01 00:27:23	1996-02-01 00:27:23	1996-02-01 00:27:23	11	11	.	correct	0	0	1	.	ALT:COMPOSE-BY-MULTIPLICATION	5	0.2452
143	4020	All Data	Stu_e242582bd5729de82485e42d69e22109	Unit Area	DESIGNING_A_QUILT	1	(WHITE-AREA QUESTION3)	1996-02-01 00:27:39	1996-02-01 00:27:45	1996-02-01 00:27:45	1996-02-01 00:27:45	6	6	.	correct	0	0	1	.	ALT:COMPOSE-BY-MULTIPLICATION	8	0.1878
144	4288	All Data	Stu_671ccc3ef2c091b6b6d76b34e3d19a8f	Unit Area	DESIGNING_A_QUILT	1	(AREA QUESTION1)	1996-02-01 00:26:29	1996-02-01 00:26:29	1996-02-01 00:26:29	1996-02-01 00:26:29	0	0	.	correct	0	0	1	.	ALT:TRIANGLE-AREA	4	0.2058
145	4289	All Data	Stu_671ccc3ef2c091b6b6d76b34e3d19a8f	Unit Area	DESIGNING_A_QUILT	2	(AREA QUESTION1)	1996-02-01 00:42:34	1996-02-01 00:42:34	1996-02-01 00:42:34	1996-02-01 00:42:34	0	0	.	correct	0	0	1	.	ALT:TRIANGLE-AREA	7	0.1859
146	4290	All Data	Stu_671ccc3ef2c091b6b6d76b34e3d19a8f	Unit Area	DESIGNING_A_QUILT	1	(AREA QUESTION2)	1996-02-01 00:26:38	1996-02-01 00:26:43	1996-02-01 00:26:43	1996-02-01 00:26:43	5	5	.	correct	0	0	1	.	ALT:TRIANGLE-AREA	6	0.1923
147	4291	All Data	Stu_671ccc3ef2c091b6b6d76b34e3d19a8f	Unit Area	DESIGNING_A_QUILT	2	(AREA QUESTION2)	1996-02-01 00:42:34	1996-02-01 00:42:43	1996-02-01 00:42:43	1996-02-01 00:42:43	9	9	.	correct	0	0	1	.	ALT:TRIANGLE-AREA	8	0.1795
148	4292	All Data	Stu_671ccc3ef2c091b6b6d76b34e3d19a8f	Unit Area	DESIGNING_A_QUILT	1	(AREA QUESTION3)	1996-02-01 00:26:29	1996-02-01 00:26:38	1996-02-01 00:26:38	1996-02-01 00:26:38	9	9	.	correct	0	0	1	.	ALT:TRIANGLE-AREA	5	0.199
149	4293	All Data	Stu_671ccc3ef2c091b6b6d76b34e3d19a8f	Unit Area	DESIGNING_A_QUILT	2	(AREA QUESTION3)	1996-02-01 00:42:43	1996-02-01 00:42:52	1996-02-01 00:42:52	1996-02-01 00:42:52	9	9	.	correct	0	0	1	.	ALT:TRIANGLE-AREA	9	0.1734
150	4495	All Data	Stu_ad3610752c4af1c3cac6638ef588e02b	Unit Area	DESIGNING_A_QUILT	1	(AREA QUESTION1)	1996-02-01 00:42:36	1996-02-01 00:42:36	1996-02-01 00:42:36	1996-02-01 00:42:36	0	0	.	correct	0	0	1	.	ALT:TRIANGLE-AREA	4	0.1522
151	4496	All Data	Stu_ad3610752c4af1c3cac6638ef588e02b	Unit Area	DESIGNING_A_QUILT	2	(AREA QUESTION1)	1996-02-01 00:58:50	1996-02-01 00:58:50	1996-02-01 00:58:50	1996-02-01 00:58:50	0	0	.	correct	0	0	1	.	ALT:TRIANGLE-AREA	7	0.1366
152	4497	All Data	Stu_ad3610752c4af1c3cac6638ef588e02b	Unit Area	DESIGNING_A_QUILT	1	(AREA QUESTION2)	1996-02-01 00:42:36	1996-02-01 00:43:07	1996-02-01 00:43:07	1996-02-01 00:43:07	31	31	.	correct	0	0	1	.	ALT:TRIANGLE-AREA	5	0.1468
153	4498	All Data	Stu_ad3610752c4af1c3cac6638ef588e02b	Unit Area	DESIGNING_A_QUILT	2	(AREA QUESTION2)	1996-02-01 00:58:50	1996-02-01 00:59:13	1996-02-01 00:59:13	1996-02-01 00:59:13	23	23	.	correct	0	0	1	.	ALT:TRIANGLE-AREA	8	0.1317
154	4499	All Data	Stu_ad3610752c4af1c3cac6638ef588e02b	Unit Area	DESIGNING_A_QUILT	1	(AREA QUESTION3)	1996-02-01 00:43:07	1996-02-01 00:43:36	1996-02-01 00:43:36	1996-02-01 00:43:36	29	29	.	correct	0	0	1	.	ALT:TRIANGLE-AREA	6	0.1416
155	4500	All Data	Stu_ad3610752c4af1c3cac6638ef588e02b	Unit Area	DESIGNING_A_QUILT	2	(AREA QUESTION3)	1996-02-01 00:59:13	1996-02-01 00:59:42	1996-02-01 00:59:42	1996-02-01 00:59:42	29	29	.	correct	0	0	1	.	ALT:TRIANGLE-AREA	9	0.1269
156	4620	All Data	Stu_98e7261dfe23e96d8982adfd203aa086	Unit Area	DESIGNING_A_QUILT	1	(AREA QUESTION1)	1996-02-01 00:01:18	1996-02-01 00:01:18	1996-02-01 00:01:18	1996-02-01 00:01:18	0	0	.	correct	0	0	1	.	ALT:TRIANGLE-AREA	1	0.1807
157	4621	All Data	Stu_98e7261dfe23e96d8982adfd203aa086	Unit Area	DESIGNING_A_QUILT	1	(AREA QUESTION2)	1996-02-01 00:02:36	1996-02-01 00:02:43	1996-02-01 00:02:43	1996-02-01 00:02:43	7	7	.	correct	0	0	1	.	ALT:TRIANGLE-AREA	2	0.1746
158	4622	All Data	Stu_98e7261dfe23e96d8982adfd203aa086	Unit Area	DESIGNING_A_QUILT	1	(AREA QUESTION3)	1996-02-01 00:02:43	1996-02-01 00:02:52	1996-02-01 00:02:52	1996-02-01 00:02:52	9	9	.	correct	0	0	1	.	ALT:TRIANGLE-AREA	3	0.1686
159	4623	All Data	Stu_98e7261dfe23e96d8982adfd203aa086	Unit Area	DESIGNING_A_QUILT	1	(WHITE-AREA QUESTION1)	1996-02-01 00:01:18	1996-02-01 00:02:11	1996-02-01 00:02:11	1996-02-01 00:02:11	53	53	.	correct	0	0	1	.	ALT:COMPOSE-BY-MULTIPLICATION	1	0.2667
160	4624	All Data	Stu_98e7261dfe23e96d8982adfd203aa086	Unit Area	DESIGNING_A_QUILT	1	(WHITE-AREA QUESTION2)	1996-02-01 00:02:52	1996-02-01 00:02:57	1996-02-01 00:02:58	1996-02-01 00:02:58	6	.	6	incorrect	1	0	1	.	ALT:COMPOSE-BY-MULTIPLICATION	4	0.2056
161	4625	All Data	Stu_98e7261dfe23e96d8982adfd203aa086	Unit Area	DESIGNING_A_QUILT	1	(WHITE-AREA QUESTION3)	1996-02-01 00:02:58	1996-02-01 00:03:02	1996-02-01 00:03:02	1996-02-01 00:03:02	4	4	.	correct	0	0	1	.	ALT:COMPOSE-BY-MULTIPLICATION	5	0.1877
162	4777	All Data	Stu_87d1548f2cd78b7b8e334802016e700e	Unit Area	DESIGNING_A_QUILT	1	(AREA QUESTION1)	1996-02-01 00:23:54	1996-02-01 00:23:54	1996-02-01 00:23:54	1996-02-01 00:23:54	0	0	.	correct	0	0	1	.	ALT:TRIANGLE-AREA	3	0.2577
163	4778	All Data	Stu_87d1548f2cd78b7b8e334802016e700e	Unit Area	DESIGNING_A_QUILT	2	(AREA QUESTION1)	1996-02-01 00:33:45	1996-02-01 00:33:45	1996-02-01 00:33:45	1996-02-01 00:33:45	0	0	.	correct	0	0	1	.	ALT:TRIANGLE-AREA	7	0.2267
164	4779	All Data	Stu_87d1548f2cd78b7b8e334802016e700e	Unit Area	DESIGNING_A_QUILT	1	(AREA QUESTION2)	1996-02-01 00:25:12	1996-02-01 00:26:45	1996-02-01 00:26:45	1996-02-01 00:26:45	93	93	.	correct	0	0	1	.	ALT:TRIANGLE-AREA	4	0.2497
165	4780	All Data	Stu_87d1548f2cd78b7b8e334802016e700e	Unit Area	DESIGNING_A_QUILT	2	(AREA QUESTION2)	1996-02-01 00:34:13	1996-02-01 00:34:20	1996-02-01 00:34:20	1996-02-01 00:34:20	7	7	.	correct	0	0	1	.	ALT:TRIANGLE-AREA	8	0.2194
166	4781	All Data	Stu_87d1548f2cd78b7b8e334802016e700e	Unit Area	DESIGNING_A_QUILT	1	(AREA QUESTION3)	1996-02-01 00:27:12	1996-02-01 00:28:01	1996-02-01 00:28:01	1996-02-01 00:28:01	49	49	.	correct	0	0	1	.	ALT:TRIANGLE-AREA	5	0.2418
167	4782	All Data	Stu_87d1548f2cd78b7b8e334802016e700e	Unit Area	DESIGNING_A_QUILT	2	(AREA QUESTION3)	1996-02-01 00:34:45	1996-02-01 00:34:52	1996-02-01 00:34:52	1996-02-01 00:34:52	7	7	.	correct	0	0	1	.	ALT:TRIANGLE-AREA	9	0.2122
168	4953	All Data	Stu_9fb3481981a38a7299e9b3c96e0d0218	Unit Area	DESIGNING_A_QUILT	1	(AREA QUESTION1)	1996-02-01 00:16:36	1996-02-01 00:16:36	1996-02-01 00:16:37	1996-02-01 00:16:37	1	.	1	incorrect	1	0	1	.	ALT:TRIANGLE-AREA	4	0.2895
169	4954	All Data	Stu_9fb3481981a38a7299e9b3c96e0d0218	Unit Area	DESIGNING_A_QUILT	2	(AREA QUESTION1)	1996-02-01 00:21:01	1996-02-01 00:21:01	1996-02-01 00:21:01	1996-02-01 00:21:01	0	0	.	correct	0	0	1	.	ALT:TRIANGLE-AREA	8	0.256
170	4955	All Data	Stu_9fb3481981a38a7299e9b3c96e0d0218	Unit Area	DESIGNING_A_QUILT	1	(AREA QUESTION2)	1996-02-01 00:17:21	1996-02-01 00:17:26	1996-02-01 00:17:27	1996-02-01 00:17:27	6	.	6	incorrect	1	0	1	.	ALT:TRIANGLE-AREA	5	0.2809
171	4956	All Data	Stu_9fb3481981a38a7299e9b3c96e0d0218	Unit Area	DESIGNING_A_QUILT	2	(AREA QUESTION2)	1996-02-01 00:21:57	1996-02-01 00:22:02	1996-02-01 00:22:02	1996-02-01 00:22:02	5	5	.	correct	0	0	1	.	ALT:TRIANGLE-AREA	9	0.2481
172	4957	All Data	Stu_9fb3481981a38a7299e9b3c96e0d0218	Unit Area	DESIGNING_A_QUILT	1	(AREA QUESTION3)	1996-02-01 00:19:37	1996-02-01 00:19:41	1996-02-01 00:19:42	1996-02-01 00:19:42	5	.	5	incorrect	1	0	1	.	ALT:TRIANGLE-AREA	6	0.2725
173	4958	All Data	Stu_9fb3481981a38a7299e9b3c96e0d0218	Unit Area	DESIGNING_A_QUILT	2	(AREA QUESTION3)	1996-02-01 00:22:33	1996-02-01 00:22:36	1996-02-01 00:22:36	1996-02-01 00:22:36	3	3	.	correct	0	0	1	.	ALT:TRIANGLE-AREA	10	0.2403
